               epoch,      train/box_loss,      train/obj_loss,      train/cls_loss,   metrics/precision,      metrics/recall,     metrics/mAP_0.5,metrics/mAP_0.5:0.95,        val/box_loss,        val/obj_loss,        val/cls_loss,               x/lr0,               x/lr1,               x/lr2
                   0,             0.17051,             0.37621,                   0,                   0,                   0,                   0,                   0,             0.15634,            0.055123,                   0,             0.00183,             0.00183,             0.08353
                   1,              0.1586,            0.082287,                   0,                   0,                   0,                   0,                   0,             0.14873,            0.058191,                   0,           0.0036699,           0.0036699,             0.06697
                   2,              0.1527,            0.089043,                   0,                   0,                   0,                   0,                   0,             0.14545,            0.060565,                   0,           0.0055095,           0.0055095,            0.050409
                   3,             0.14737,            0.088456,                   0,           0.0016375,          4.1086e-05,          0.00058315,          0.00029157,             0.14423,             0.15638,                   0,           0.0073484,           0.0073484,            0.033848
                   4,             0.14116,             0.10162,                   0,             0.15431,            0.008546,            0.079367,            0.041766,             0.14336,            0.065183,                   0,           0.0091864,           0.0091864,            0.017286
                   5,             0.13919,             0.10059,                   0,             0.37157,           0.0071901,             0.18986,              0.1036,             0.14332,            0.063611,                   0,           0.0099938,           0.0099938,           0.0099938
                   6,             0.13721,             0.10911,                   0,             0.19763,           0.0061629,             0.10105,            0.055697,              0.1436,            0.066103,                   0,           0.0099938,           0.0099938,           0.0099938
                   7,              0.1357,             0.11482,                   0,             0.19534,           0.0009039,            0.099781,            0.049891,             0.14404,            0.063535,                   0,           0.0099911,           0.0099911,           0.0099911
                   8,             0.13345,             0.12385,                   0,             0.38598,            0.029417,             0.20176,             0.10823,             0.14439,             0.06921,                   0,           0.0099879,           0.0099879,           0.0099879
                   9,             0.13228,             0.12106,                   0,             0.39652,           0.0036978,             0.20073,             0.10479,             0.14481,            0.065283,                   0,           0.0099842,           0.0099842,           0.0099842
                  10,             0.13071,             0.11928,                   0,             0.72603,           0.0021776,             0.36517,             0.19996,             0.14462,             0.06676,                   0,             0.00998,             0.00998,             0.00998
                  11,             0.12973,             0.11758,                   0,             0.53075,           0.0095731,             0.27026,             0.15516,             0.14524,            0.066337,                   0,           0.0099753,           0.0099753,           0.0099753
                  12,             0.12872,             0.13433,                   0,             0.45874,            0.056412,             0.24646,             0.13693,              0.1456,            0.072539,                   0,           0.0099702,           0.0099702,           0.0099702
                  13,             0.12961,             0.12321,                   0,             0.60929,            0.032869,             0.31642,             0.17871,             0.14615,            0.072166,                   0,           0.0099645,           0.0099645,           0.0099645
                  14,             0.12932,             0.13045,                   0,             0.47119,             0.10111,             0.27346,              0.1508,              0.1466,            0.082635,                   0,           0.0099584,           0.0099584,           0.0099584
                  15,              0.1274,             0.12159,                   0,              0.5007,               0.059,              0.2732,             0.15139,             0.14578,            0.077025,                   0,           0.0099517,           0.0099517,           0.0099517
                  16,             0.12785,              0.1249,                   0,              0.3508,             0.15128,             0.22495,             0.12108,             0.14773,             0.10632,                   0,           0.0099446,           0.0099446,           0.0099446
                  17,             0.12725,             0.12347,                   0,             0.51077,             0.10913,             0.29726,             0.16388,             0.14702,            0.081392,                   0,            0.009937,            0.009937,            0.009937
                  18,             0.12693,             0.12734,                   0,             0.54877,             0.13337,             0.32647,             0.18215,             0.14735,            0.084152,                   0,           0.0099289,           0.0099289,           0.0099289
                  19,              0.1255,             0.13235,                   0,             0.34394,             0.18744,             0.22814,             0.12437,             0.14758,             0.10517,                   0,           0.0099203,           0.0099203,           0.0099203
                  20,             0.12675,             0.12686,                   0,              0.5811,             0.10436,             0.33286,             0.19074,             0.14698,            0.079667,                   0,           0.0099112,           0.0099112,           0.0099112
                  21,             0.12547,             0.13867,                   0,             0.67488,            0.051769,             0.35816,             0.20334,             0.14683,             0.07431,                   0,           0.0099017,           0.0099017,           0.0099017
                  22,             0.12541,             0.12155,                   0,             0.63822,            0.088788,             0.35534,             0.20611,             0.14708,            0.075985,                   0,           0.0098916,           0.0098916,           0.0098916
                  23,             0.12425,               0.121,                   0,             0.69206,            0.071285,             0.37714,             0.22616,             0.14702,             0.07344,                   0,           0.0098811,           0.0098811,           0.0098811
                  24,             0.12504,             0.12891,                   0,             0.61797,             0.13312,             0.36468,             0.21199,             0.14749,            0.083492,                   0,           0.0098701,           0.0098701,           0.0098701
                  25,             0.12415,              0.1317,                   0,             0.64352,             0.10547,             0.36742,             0.21205,             0.14764,            0.078056,                   0,           0.0098586,           0.0098586,           0.0098586
                  26,             0.12542,             0.12857,                   0,             0.51514,             0.14331,             0.31328,             0.17558,             0.14822,             0.10146,                   0,           0.0098467,           0.0098467,           0.0098467
                  27,             0.12389,             0.12586,                   0,             0.64689,              0.1263,             0.37884,             0.22186,             0.14735,            0.079654,                   0,           0.0098342,           0.0098342,           0.0098342
                  28,             0.12358,             0.13052,                   0,             0.71063,            0.090102,             0.39587,             0.23973,             0.14709,             0.07698,                   0,           0.0098213,           0.0098213,           0.0098213
                  29,             0.12353,             0.12914,                   0,             0.70614,              0.1012,             0.39581,             0.23551,             0.14784,            0.077845,                   0,           0.0098079,           0.0098079,           0.0098079
                  30,              0.1244,              0.1326,                   0,              0.6164,              0.1461,             0.37048,             0.21565,             0.14786,            0.083073,                   0,           0.0097941,           0.0097941,           0.0097941
                  31,             0.12364,             0.13034,                   0,             0.65334,              0.1383,             0.38597,             0.22596,             0.14852,            0.080632,                   0,           0.0097798,           0.0097798,           0.0097798
                  32,             0.12349,             0.13205,                   0,             0.67945,             0.12227,             0.39578,             0.23169,             0.14804,            0.081337,                   0,            0.009765,            0.009765,            0.009765
                  33,             0.12266,             0.12611,                   0,             0.62168,             0.17486,             0.38861,             0.22803,             0.14827,            0.088584,                   0,           0.0097497,           0.0097497,           0.0097497
                  34,              0.1229,             0.12393,                   0,             0.54634,              0.2192,             0.36825,             0.21121,             0.14873,            0.095766,                   0,            0.009734,            0.009734,            0.009734
                  35,             0.12192,             0.12761,                   0,             0.61291,             0.19393,             0.39506,             0.23141,             0.14797,            0.087512,                   0,           0.0097178,           0.0097178,           0.0097178
                  36,             0.12339,             0.13598,                   0,             0.64673,             0.17285,             0.40025,             0.23611,             0.14876,               0.087,                   0,           0.0097011,           0.0097011,           0.0097011
                  37,             0.12359,             0.13262,                   0,             0.56856,             0.19422,             0.36819,             0.21275,             0.14924,              0.0922,                   0,            0.009684,            0.009684,            0.009684
                  38,             0.12317,             0.12588,                   0,             0.66238,             0.16283,             0.40365,             0.23937,             0.14829,            0.083397,                   0,           0.0096664,           0.0096664,           0.0096664
                  39,             0.12169,             0.12093,                   0,              0.7281,             0.12498,             0.42152,             0.25465,             0.14819,            0.080575,                   0,           0.0096484,           0.0096484,           0.0096484
                  40,             0.12122,             0.12712,                   0,             0.61102,             0.19504,             0.39312,             0.22882,              0.1485,            0.088946,                   0,           0.0096299,           0.0096299,           0.0096299
                  41,             0.12122,             0.11854,                   0,             0.66883,             0.16545,             0.41191,             0.24505,             0.14875,            0.082965,                   0,            0.009611,            0.009611,            0.009611
                  42,              0.1211,              0.1158,                   0,             0.70385,              0.1496,             0.42005,             0.25585,             0.14887,            0.080341,                   0,           0.0095916,           0.0095916,           0.0095916
                  43,             0.12108,             0.12895,                   0,             0.66303,              0.1823,             0.41495,             0.24805,             0.14903,            0.086626,                   0,           0.0095717,           0.0095717,           0.0095717
                  44,              0.1214,             0.12646,                   0,             0.65681,             0.18801,             0.41307,             0.24716,             0.14884,            0.085832,                   0,           0.0095514,           0.0095514,           0.0095514
                  45,             0.12202,             0.13231,                   0,             0.73462,             0.12704,              0.4262,             0.26054,             0.14852,            0.079431,                   0,           0.0095307,           0.0095307,           0.0095307
                  46,               0.121,             0.12413,                   0,             0.65611,             0.19997,             0.41846,             0.24784,              0.1493,            0.087081,                   0,           0.0095095,           0.0095095,           0.0095095
                  47,             0.12182,             0.13174,                   0,             0.69365,             0.17852,             0.42949,             0.25634,             0.14904,            0.085061,                   0,           0.0094879,           0.0094879,           0.0094879
                  48,             0.12161,             0.12752,                   0,              0.6127,             0.23666,             0.41415,             0.24426,             0.14936,            0.094409,                   0,           0.0094659,           0.0094659,           0.0094659
                  49,             0.11996,             0.12884,                   0,             0.66435,             0.19606,             0.42133,             0.25124,             0.14917,            0.087143,                   0,           0.0094434,           0.0094434,           0.0094434
                  50,             0.11926,             0.11132,                   0,             0.69114,              0.1814,             0.42981,              0.2572,             0.14922,            0.084585,                   0,           0.0094205,           0.0094205,           0.0094205
                  51,             0.12078,              0.1375,                   0,             0.65709,             0.20194,             0.42218,             0.24994,             0.14883,            0.089672,                   0,           0.0093971,           0.0093971,           0.0093971
                  52,             0.12125,              0.1298,                   0,             0.68348,              0.1832,             0.42613,             0.25592,             0.14915,            0.085579,                   0,           0.0093733,           0.0093733,           0.0093733
                  53,             0.12019,             0.12503,                   0,             0.67365,             0.19413,             0.42471,             0.25573,             0.14911,            0.086916,                   0,           0.0093491,           0.0093491,           0.0093491
                  54,             0.12038,             0.12968,                   0,              0.6706,             0.20769,              0.4319,              0.2584,             0.14997,            0.088751,                   0,           0.0093245,           0.0093245,           0.0093245
                  55,             0.12098,             0.12692,                   0,             0.69562,              0.1816,             0.43053,              0.2607,             0.14895,            0.084613,                   0,           0.0092995,           0.0092995,           0.0092995
                  56,             0.11971,             0.12113,                   0,             0.65287,             0.19705,             0.41409,              0.2455,             0.14966,             0.08655,                   0,            0.009274,            0.009274,            0.009274
                  57,             0.11968,             0.13358,                   0,             0.68386,             0.19668,             0.43315,             0.25833,             0.14962,            0.086465,                   0,           0.0092481,           0.0092481,           0.0092481
                  58,             0.12096,             0.12558,                   0,             0.66731,             0.21394,              0.4319,             0.25814,              0.1496,            0.089691,                   0,           0.0092219,           0.0092219,           0.0092219
                  59,             0.11908,              0.1324,                   0,             0.70998,             0.16636,             0.43241,             0.26117,             0.14937,            0.084829,                   0,           0.0091952,           0.0091952,           0.0091952
                  60,             0.12069,             0.12597,                   0,             0.65897,             0.21817,             0.43275,             0.25925,             0.14962,            0.087262,                   0,           0.0091681,           0.0091681,           0.0091681
                  61,             0.12042,             0.13049,                   0,             0.67742,               0.195,             0.42902,             0.25722,             0.15009,            0.088818,                   0,           0.0091406,           0.0091406,           0.0091406
                  62,             0.12002,             0.12355,                   0,             0.65437,             0.22154,             0.42908,             0.25442,             0.14995,             0.09061,                   0,           0.0091127,           0.0091127,           0.0091127
                  63,             0.11923,             0.12922,                   0,             0.70975,             0.17712,             0.43671,             0.26171,             0.14964,            0.084428,                   0,           0.0090844,           0.0090844,           0.0090844
                  64,             0.12033,             0.12669,                   0,             0.62221,              0.2528,             0.42702,             0.24941,              0.1499,            0.095403,                   0,           0.0090557,           0.0090557,           0.0090557
                  65,             0.12027,             0.12414,                   0,             0.68218,             0.20116,             0.43392,             0.25943,             0.14927,            0.087858,                   0,           0.0090266,           0.0090266,           0.0090266
                  66,             0.12023,             0.13278,                   0,             0.65698,              0.2286,             0.43287,             0.25788,              0.1498,            0.090276,                   0,           0.0089972,           0.0089972,           0.0089972
                  67,             0.11962,             0.13497,                   0,             0.69075,              0.2074,             0.44081,             0.26575,             0.14973,            0.087533,                   0,           0.0089673,           0.0089673,           0.0089673
                  68,             0.12025,              0.1329,                   0,             0.66444,             0.23325,             0.43991,              0.2643,             0.14962,            0.091561,                   0,           0.0089371,           0.0089371,           0.0089371
                  69,             0.11992,             0.12683,                   0,             0.71881,             0.17141,             0.44108,             0.27064,             0.14931,            0.084428,                   0,           0.0089065,           0.0089065,           0.0089065
                  70,             0.12073,             0.12966,                   0,              0.7097,             0.19245,             0.44667,             0.27021,             0.14931,            0.087907,                   0,           0.0088755,           0.0088755,           0.0088755
                  71,             0.11802,             0.12087,                   0,             0.68875,             0.22984,             0.45209,             0.27234,             0.14991,            0.088669,                   0,           0.0088442,           0.0088442,           0.0088442
                  72,             0.11725,             0.11794,                   0,             0.71131,             0.20054,             0.45143,             0.27525,             0.14969,            0.085278,                   0,           0.0088124,           0.0088124,           0.0088124
                  73,             0.12083,              0.1322,                   0,             0.71619,             0.18559,             0.44691,             0.27024,             0.14928,            0.084016,                   0,           0.0087804,           0.0087804,           0.0087804
                  74,             0.11799,             0.12868,                   0,             0.66287,             0.22458,             0.43546,             0.26009,             0.14964,            0.091632,                   0,           0.0087479,           0.0087479,           0.0087479
                  75,             0.11843,             0.12203,                   0,             0.69625,             0.20691,             0.44586,             0.27022,             0.14966,            0.087805,                   0,           0.0087151,           0.0087151,           0.0087151
                  76,             0.11995,             0.12137,                   0,             0.70373,             0.18045,              0.4352,             0.26272,             0.14885,            0.086614,                   0,            0.008682,            0.008682,            0.008682
                  77,              0.1198,             0.13655,                   0,              0.7032,              0.2088,              0.4499,             0.27338,             0.14878,            0.087151,                   0,           0.0086485,           0.0086485,           0.0086485
                  78,             0.11856,             0.12444,                   0,             0.67764,             0.21903,              0.4406,             0.26546,             0.14959,            0.087585,                   0,           0.0086146,           0.0086146,           0.0086146
                  79,              0.1183,             0.13404,                   0,             0.68291,             0.23662,             0.45082,             0.27184,             0.14958,            0.089976,                   0,           0.0085805,           0.0085805,           0.0085805
                  80,             0.11807,             0.12462,                   0,             0.66371,             0.25194,             0.45186,             0.27035,             0.15002,            0.094366,                   0,           0.0085459,           0.0085459,           0.0085459
                  81,             0.11915,             0.12785,                   0,             0.69159,             0.19422,             0.43449,             0.26013,             0.14964,            0.087429,                   0,           0.0085111,           0.0085111,           0.0085111
                  82,             0.11892,             0.12068,                   0,             0.64432,             0.25075,              0.4373,              0.2601,             0.14985,            0.095181,                   0,           0.0084759,           0.0084759,           0.0084759
                  83,              0.1194,              0.1225,                   0,             0.70294,             0.21447,             0.45261,             0.27355,             0.14938,            0.088018,                   0,           0.0084404,           0.0084404,           0.0084404
                  84,             0.11841,             0.12582,                   0,             0.67995,             0.24109,             0.45409,             0.27348,                0.15,            0.090212,                   0,           0.0084046,           0.0084046,           0.0084046
                  85,              0.1182,             0.12683,                   0,             0.66881,             0.24311,             0.44707,             0.26652,              0.1504,            0.091976,                   0,           0.0083684,           0.0083684,           0.0083684
                  86,             0.11811,             0.12585,                   0,              0.6793,             0.22236,             0.44345,             0.26453,             0.14911,            0.088358,                   0,           0.0083319,           0.0083319,           0.0083319
                  87,             0.11582,             0.12077,                   0,             0.70688,             0.20966,             0.45335,             0.27696,             0.14984,            0.086791,                   0,           0.0082952,           0.0082952,           0.0082952
                  88,             0.11889,             0.12653,                   0,             0.68536,             0.24003,             0.45575,             0.27532,              0.1498,            0.090748,                   0,           0.0082581,           0.0082581,           0.0082581
                  89,             0.11955,             0.12886,                   0,             0.68645,             0.24611,             0.45893,             0.27469,             0.15017,            0.091952,                   0,           0.0082207,           0.0082207,           0.0082207
                  90,             0.11808,             0.12408,                   0,             0.68771,             0.24085,             0.45778,             0.27363,             0.15037,            0.090849,                   0,            0.008183,            0.008183,            0.008183
                  91,             0.11779,             0.12738,                   0,             0.69317,             0.23427,             0.45816,             0.27464,             0.14986,            0.090827,                   0,            0.008145,            0.008145,            0.008145
                  92,             0.11689,              0.1244,                   0,             0.69015,             0.24068,             0.45983,             0.27716,             0.14972,            0.091654,                   0,           0.0081068,           0.0081068,           0.0081068
                  93,             0.11774,             0.12014,                   0,             0.65972,             0.24208,             0.44184,             0.26548,             0.15001,            0.091481,                   0,           0.0080682,           0.0080682,           0.0080682
                  94,             0.11686,             0.12149,                   0,             0.67966,             0.24007,             0.45296,             0.27262,              0.1503,            0.090977,                   0,           0.0080294,           0.0080294,           0.0080294
                  95,             0.11717,              0.1332,                   0,              0.6857,             0.23341,             0.45272,             0.27522,             0.15008,            0.091722,                   0,           0.0079903,           0.0079903,           0.0079903
                  96,             0.11731,             0.11918,                   0,              0.6972,             0.23612,             0.45821,              0.2786,             0.14983,             0.09047,                   0,           0.0079509,           0.0079509,           0.0079509
                  97,             0.11734,             0.12711,                   0,             0.68154,             0.25605,              0.4594,             0.27686,             0.14989,            0.091736,                   0,           0.0079112,           0.0079112,           0.0079112
                  98,             0.11772,             0.13392,                   0,               0.694,             0.24377,             0.46151,             0.28058,             0.15008,            0.090182,                   0,           0.0078713,           0.0078713,           0.0078713
                  99,             0.11724,             0.12396,                   0,             0.67722,             0.25663,             0.45716,             0.27548,             0.15038,              0.0924,                   0,           0.0078311,           0.0078311,           0.0078311
                 100,             0.11721,             0.12635,                   0,             0.69487,              0.2328,             0.45641,             0.27847,             0.14984,            0.088097,                   0,           0.0077907,           0.0077907,           0.0077907
                 101,             0.11622,             0.13288,                   0,             0.66033,             0.26686,             0.45673,             0.27493,             0.15017,            0.095549,                   0,             0.00775,             0.00775,             0.00775
                 102,             0.11726,              0.1328,                   0,             0.71071,             0.22298,             0.46079,             0.28083,              0.1505,            0.087974,                   0,           0.0077091,           0.0077091,           0.0077091
                 103,             0.11653,             0.12459,                   0,             0.68491,             0.25087,             0.46072,             0.27952,             0.15007,            0.092476,                   0,           0.0076679,           0.0076679,           0.0076679
                 104,             0.11575,              0.1226,                   0,             0.69274,             0.24557,             0.46175,             0.28222,             0.15016,            0.091767,                   0,           0.0076265,           0.0076265,           0.0076265
                 105,             0.11602,             0.12692,                   0,             0.68709,             0.24286,             0.45911,             0.27945,             0.15002,            0.091173,                   0,           0.0075848,           0.0075848,           0.0075848
                 106,             0.11531,             0.12064,                   0,             0.70436,             0.23542,             0.46375,             0.28335,             0.15009,            0.090745,                   0,            0.007543,            0.007543,            0.007543
                 107,             0.11589,             0.11654,                   0,             0.70401,             0.23855,             0.46252,             0.28449,              0.1502,            0.090687,                   0,           0.0075009,           0.0075009,           0.0075009
                 108,             0.11763,             0.11509,                   0,             0.69746,             0.25034,             0.46784,             0.28238,             0.15017,            0.090617,                   0,           0.0074585,           0.0074585,           0.0074585
                 109,             0.11473,             0.12356,                   0,             0.68835,             0.24783,              0.4614,             0.28012,             0.14976,            0.091719,                   0,            0.007416,            0.007416,            0.007416
                 110,             0.11578,             0.12205,                   0,             0.67363,             0.25034,             0.45355,             0.27502,             0.15063,            0.092608,                   0,           0.0073733,           0.0073733,           0.0073733
                 111,             0.11662,             0.12609,                   0,             0.68664,               0.242,              0.4575,             0.27955,             0.14995,            0.090677,                   0,           0.0073303,           0.0073303,           0.0073303
                 112,             0.11813,               0.134,                   0,             0.69375,             0.23818,             0.46083,             0.28013,             0.15011,            0.091657,                   0,           0.0072872,           0.0072872,           0.0072872
                 113,             0.11847,             0.12677,                   0,             0.68723,             0.25404,             0.46298,             0.28121,             0.15032,            0.092798,                   0,           0.0072438,           0.0072438,           0.0072438
                 114,             0.11652,             0.12578,                   0,             0.65256,             0.26854,             0.44848,             0.27326,             0.14993,            0.096045,                   0,           0.0072003,           0.0072003,           0.0072003
                 115,             0.11559,             0.12167,                   0,             0.70596,             0.24237,             0.46723,             0.28655,             0.15008,            0.091002,                   0,           0.0071566,           0.0071566,           0.0071566
                 116,              0.1153,             0.12343,                   0,             0.66621,             0.25757,             0.45424,             0.27297,             0.15056,            0.094136,                   0,           0.0071127,           0.0071127,           0.0071127
                 117,             0.11488,             0.11817,                   0,             0.65856,             0.26936,             0.45533,             0.27601,             0.15006,            0.096165,                   0,           0.0070686,           0.0070686,           0.0070686
                 118,             0.11539,             0.12675,                   0,             0.67753,             0.26571,             0.46233,             0.27884,             0.15012,            0.094235,                   0,           0.0070243,           0.0070243,           0.0070243
                 119,             0.11617,             0.12447,                   0,             0.67929,             0.26612,              0.4638,             0.28216,             0.14996,            0.095421,                   0,           0.0069799,           0.0069799,           0.0069799
                 120,             0.11599,             0.12171,                   0,             0.67335,             0.26764,             0.46243,             0.28227,             0.15026,            0.095517,                   0,           0.0069353,           0.0069353,           0.0069353
                 121,             0.11572,               0.122,                   0,             0.67488,             0.26891,             0.46103,             0.27969,              0.1499,            0.093641,                   0,           0.0068906,           0.0068906,           0.0068906
                 122,             0.11678,             0.12741,                   0,              0.7025,             0.25371,             0.46941,             0.28728,             0.15005,            0.093091,                   0,           0.0068457,           0.0068457,           0.0068457
                 123,              0.1162,             0.12683,                   0,              0.6866,             0.26554,             0.46734,              0.2849,             0.15011,            0.093368,                   0,           0.0068006,           0.0068006,           0.0068006
                 124,             0.11558,             0.12509,                   0,             0.68393,             0.26591,             0.46573,             0.28308,             0.15034,            0.094178,                   0,           0.0067555,           0.0067555,           0.0067555
                 125,              0.1175,              0.1309,                   0,             0.68774,             0.26106,              0.4652,             0.28311,             0.15022,            0.093144,                   0,           0.0067101,           0.0067101,           0.0067101
                 126,              0.1153,             0.11319,                   0,             0.68633,              0.2625,             0.46777,             0.28579,             0.15032,            0.093705,                   0,           0.0066647,           0.0066647,           0.0066647
                 127,             0.11689,             0.12053,                   0,             0.66731,             0.27146,             0.45963,             0.27952,             0.14984,            0.095534,                   0,           0.0066191,           0.0066191,           0.0066191
                 128,              0.1143,             0.12099,                   0,             0.71342,             0.24763,             0.47311,             0.28987,             0.15038,            0.090639,                   0,           0.0065734,           0.0065734,           0.0065734
                 129,              0.1151,             0.12432,                   0,             0.70085,             0.25046,             0.46706,             0.28404,             0.15047,            0.091551,                   0,           0.0065276,           0.0065276,           0.0065276
                 130,              0.1147,              0.1197,                   0,             0.70325,             0.24956,             0.46971,             0.28826,             0.15045,            0.092101,                   0,           0.0064816,           0.0064816,           0.0064816
                 131,              0.1157,             0.11641,                   0,              0.7014,             0.25441,             0.47005,             0.28782,             0.15003,             0.09268,                   0,           0.0064356,           0.0064356,           0.0064356
                 132,             0.11491,             0.12264,                   0,             0.68401,             0.26414,              0.4641,             0.28356,             0.15031,            0.093945,                   0,           0.0063895,           0.0063895,           0.0063895
                 133,              0.1152,             0.12389,                   0,             0.69508,             0.25868,             0.46935,              0.2898,             0.15024,            0.093703,                   0,           0.0063432,           0.0063432,           0.0063432
                 134,             0.11415,              0.1161,                   0,             0.69025,             0.26981,             0.47347,             0.28941,             0.15062,             0.09413,                   0,           0.0062969,           0.0062969,           0.0062969
                 135,             0.11473,             0.11592,                   0,              0.6706,             0.27811,             0.46425,             0.27946,              0.1503,            0.096253,                   0,           0.0062505,           0.0062505,           0.0062505
                 136,             0.11594,             0.11991,                   0,             0.68387,             0.26673,             0.46681,             0.28597,             0.15014,            0.094505,                   0,            0.006204,            0.006204,            0.006204
                 137,             0.11607,             0.12092,                   0,             0.68946,             0.26053,             0.46717,             0.28299,             0.15039,            0.093909,                   0,           0.0061574,           0.0061574,           0.0061574
                 138,             0.11455,             0.11765,                   0,             0.69052,             0.26924,             0.47297,             0.28743,             0.15028,            0.093999,                   0,           0.0061107,           0.0061107,           0.0061107
                 139,              0.1142,             0.11756,                   0,              0.6748,             0.26472,             0.45921,             0.27955,             0.15013,            0.093434,                   0,            0.006064,            0.006064,            0.006064
                 140,             0.11423,             0.11492,                   0,             0.69237,             0.24681,             0.46092,              0.2809,             0.15033,            0.093143,                   0,           0.0060172,           0.0060172,           0.0060172
                 141,             0.11495,             0.11745,                   0,             0.68929,             0.26242,             0.46852,             0.28752,             0.15038,            0.093495,                   0,           0.0059704,           0.0059704,           0.0059704
                 142,             0.11494,             0.11928,                   0,             0.67909,             0.26571,             0.46259,             0.28148,             0.15069,             0.09557,                   0,           0.0059235,           0.0059235,           0.0059235
                 143,             0.11517,             0.12914,                   0,               0.699,             0.24512,             0.46294,             0.28394,             0.15036,            0.091666,                   0,           0.0058766,           0.0058766,           0.0058766
                 144,             0.11519,             0.12488,                   0,             0.69261,             0.25079,             0.46483,             0.28468,             0.15043,            0.093805,                   0,           0.0058296,           0.0058296,           0.0058296
                 145,             0.11487,             0.11715,                   0,             0.68988,              0.2593,             0.46514,             0.28563,             0.15039,            0.093907,                   0,           0.0057826,           0.0057826,           0.0057826
                 146,             0.11452,              0.1217,                   0,             0.67141,             0.27327,             0.46262,             0.28166,              0.1504,            0.097101,                   0,           0.0057355,           0.0057355,           0.0057355
                 147,             0.11354,             0.11694,                   0,             0.69389,             0.26077,              0.4701,             0.28799,             0.15027,            0.093449,                   0,           0.0056884,           0.0056884,           0.0056884
                 148,             0.11427,             0.11876,                   0,              0.6925,             0.25991,             0.46871,             0.28781,             0.15036,            0.093197,                   0,           0.0056413,           0.0056413,           0.0056413
                 149,             0.11478,             0.11542,                   0,             0.68669,              0.2724,             0.47014,             0.28725,             0.15037,            0.095064,                   0,           0.0055942,           0.0055942,           0.0055942
                 150,             0.11445,             0.12036,                   0,             0.66215,             0.26912,             0.45733,             0.27637,             0.15013,            0.096013,                   0,           0.0055471,           0.0055471,           0.0055471
                 151,             0.11529,             0.12404,                   0,             0.68538,             0.26985,             0.46881,             0.28531,             0.15014,            0.094649,                   0,              0.0055,              0.0055,              0.0055
                 152,             0.11554,             0.13112,                   0,              0.7008,             0.26484,              0.4769,             0.29301,             0.15022,            0.094567,                   0,           0.0054529,           0.0054529,           0.0054529
                 153,             0.11544,             0.12208,                   0,             0.68162,             0.27216,              0.4697,             0.28744,             0.15063,            0.096397,                   0,           0.0054058,           0.0054058,           0.0054058
                 154,             0.11356,             0.12178,                   0,             0.68849,             0.27261,             0.47308,             0.28892,             0.14996,            0.096225,                   0,           0.0053587,           0.0053587,           0.0053587
                 155,             0.11502,             0.11915,                   0,             0.68621,             0.26254,             0.46596,             0.28506,             0.15047,            0.094331,                   0,           0.0053116,           0.0053116,           0.0053116
                 156,             0.11325,              0.1155,                   0,             0.69183,             0.26279,             0.47059,              0.2887,             0.15036,            0.093663,                   0,           0.0052645,           0.0052645,           0.0052645
                 157,             0.11323,             0.12124,                   0,             0.68547,             0.26862,              0.4681,             0.28554,             0.15075,            0.095199,                   0,           0.0052174,           0.0052174,           0.0052174
                 158,             0.11379,             0.12457,                   0,             0.68281,             0.28029,             0.47475,             0.28785,             0.15035,            0.097455,                   0,           0.0051704,           0.0051704,           0.0051704
                 159,              0.1147,             0.12496,                   0,             0.68224,             0.27355,             0.46763,             0.28292,              0.1504,            0.094974,                   0,           0.0051234,           0.0051234,           0.0051234
                 160,             0.11399,             0.12244,                   0,              0.6747,             0.28078,             0.46786,             0.28486,             0.15025,            0.096277,                   0,           0.0050765,           0.0050765,           0.0050765
                 161,             0.11233,             0.11735,                   0,              0.6858,             0.26168,             0.46588,             0.28628,             0.15042,            0.095069,                   0,           0.0050296,           0.0050296,           0.0050296
                 162,             0.11501,             0.12386,                   0,             0.67974,             0.27984,             0.47156,             0.28758,             0.15032,            0.096768,                   0,           0.0049828,           0.0049828,           0.0049828
                 163,             0.11241,             0.11987,                   0,             0.68237,             0.26365,             0.46339,             0.28339,             0.15053,            0.094605,                   0,            0.004936,            0.004936,            0.004936
                 164,             0.11388,             0.11841,                   0,             0.70274,             0.26681,             0.47619,             0.29117,             0.15031,            0.095243,                   0,           0.0048893,           0.0048893,           0.0048893
                 165,             0.11395,             0.11283,                   0,             0.68496,              0.2646,             0.46657,             0.28709,             0.15017,            0.094853,                   0,           0.0048426,           0.0048426,           0.0048426
                 166,             0.11392,             0.11226,                   0,             0.68996,             0.27548,              0.4733,             0.28802,             0.15068,            0.094992,                   0,            0.004796,            0.004796,            0.004796
                 167,             0.11402,             0.12455,                   0,             0.69353,             0.27224,             0.47411,             0.28965,             0.15032,            0.095303,                   0,           0.0047495,           0.0047495,           0.0047495
                 168,             0.11301,             0.10838,                   0,             0.68016,             0.26858,             0.46429,             0.28304,             0.15033,            0.095933,                   0,           0.0047031,           0.0047031,           0.0047031
                 169,             0.11432,             0.11822,                   0,             0.68373,             0.26833,             0.46597,             0.28533,             0.15048,            0.094862,                   0,           0.0046568,           0.0046568,           0.0046568
                 170,              0.1132,             0.11837,                   0,             0.67564,             0.27635,             0.46602,             0.28463,             0.15027,            0.097135,                   0,           0.0046105,           0.0046105,           0.0046105
                 171,             0.11326,             0.11196,                   0,             0.68688,             0.26714,             0.46891,             0.28724,             0.15053,            0.095194,                   0,           0.0045644,           0.0045644,           0.0045644
                 172,             0.11268,             0.11355,                   0,             0.67214,             0.27417,             0.46304,             0.28286,             0.15053,            0.095993,                   0,           0.0045184,           0.0045184,           0.0045184
                 173,             0.11474,             0.11872,                   0,               0.677,             0.27824,             0.46771,             0.28676,             0.15076,            0.095941,                   0,           0.0044724,           0.0044724,           0.0044724
                 174,             0.11369,             0.11675,                   0,             0.68597,             0.28271,              0.4758,             0.28994,             0.15072,            0.096387,                   0,           0.0044266,           0.0044266,           0.0044266
                 175,             0.11152,             0.11472,                   0,             0.69025,             0.27824,             0.47429,             0.28904,             0.15029,            0.096479,                   0,           0.0043809,           0.0043809,           0.0043809
                 176,             0.11363,              0.1168,                   0,             0.67331,             0.28884,             0.47032,             0.28707,             0.15023,            0.097593,                   0,           0.0043353,           0.0043353,           0.0043353
                 177,             0.11253,             0.10856,                   0,              0.6827,             0.28288,             0.47374,             0.29011,             0.15047,            0.096049,                   0,           0.0042899,           0.0042899,           0.0042899
                 178,              0.1122,              0.1187,                   0,             0.68358,             0.27959,             0.47212,             0.28861,              0.1505,            0.095985,                   0,           0.0042445,           0.0042445,           0.0042445
                 179,             0.11268,             0.12007,                   0,             0.68624,              0.2722,             0.47063,             0.29057,              0.1505,            0.095273,                   0,           0.0041994,           0.0041994,           0.0041994
                 180,             0.11113,             0.10648,                   0,             0.68023,             0.27672,             0.46958,             0.28735,             0.15056,             0.09657,                   0,           0.0041543,           0.0041543,           0.0041543
                 181,             0.11129,             0.11651,                   0,             0.68634,              0.2618,             0.46603,             0.28678,             0.15036,            0.095086,                   0,           0.0041094,           0.0041094,           0.0041094
                 182,             0.11349,             0.12177,                   0,              0.6668,             0.28193,             0.46231,             0.28228,             0.15039,            0.097079,                   0,           0.0040647,           0.0040647,           0.0040647
                 183,             0.11121,             0.11236,                   0,              0.6806,             0.27754,             0.47071,             0.28808,              0.1506,            0.095856,                   0,           0.0040201,           0.0040201,           0.0040201
                 184,             0.11349,             0.11984,                   0,             0.69216,             0.27594,             0.47525,             0.29053,             0.15035,            0.095863,                   0,           0.0039757,           0.0039757,           0.0039757
                 185,             0.11383,             0.11418,                   0,             0.67784,             0.27499,             0.46571,             0.28444,             0.15041,            0.096293,                   0,           0.0039314,           0.0039314,           0.0039314
                 186,             0.11195,             0.11556,                   0,              0.6861,             0.26788,              0.4685,             0.28868,             0.15063,            0.095673,                   0,           0.0038873,           0.0038873,           0.0038873
                 187,             0.11448,             0.12359,                   0,             0.68291,             0.27688,             0.47131,             0.28898,              0.1503,            0.097181,                   0,           0.0038434,           0.0038434,           0.0038434
                 188,             0.11193,             0.11992,                   0,             0.67474,             0.27684,             0.46659,             0.28461,             0.15029,             0.09684,                   0,           0.0037997,           0.0037997,           0.0037997
                 189,             0.11041,             0.12159,                   0,              0.6798,             0.27721,             0.46937,             0.28865,             0.15044,            0.096919,                   0,           0.0037562,           0.0037562,           0.0037562
                 190,             0.11378,             0.11994,                   0,             0.66696,             0.27943,             0.46263,             0.28159,             0.15057,            0.097884,                   0,           0.0037128,           0.0037128,           0.0037128
                 191,             0.11348,              0.1144,                   0,             0.67999,             0.27195,             0.46758,             0.28807,             0.15052,             0.09582,                   0,           0.0036697,           0.0036697,           0.0036697
                 192,             0.11165,             0.11193,                   0,             0.67851,             0.27618,             0.46778,             0.28642,             0.15073,            0.096578,                   0,           0.0036267,           0.0036267,           0.0036267
                 193,             0.11104,             0.11076,                   0,             0.67724,              0.2851,             0.47076,             0.28808,             0.15039,            0.097403,                   0,            0.003584,            0.003584,            0.003584
                 194,             0.11264,             0.10751,                   0,             0.67987,             0.27433,             0.46437,             0.28353,             0.15076,            0.095923,                   0,           0.0035415,           0.0035415,           0.0035415
                 195,             0.11182,             0.11994,                   0,             0.67193,              0.2835,             0.46794,             0.28896,             0.15075,            0.097398,                   0,           0.0034991,           0.0034991,           0.0034991
                 196,             0.11305,             0.11692,                   0,             0.67037,              0.2805,             0.46509,             0.28538,             0.15091,            0.097028,                   0,            0.003457,            0.003457,            0.003457
                 197,             0.11202,             0.11222,                   0,              0.6852,             0.26784,             0.46691,             0.28685,             0.15074,            0.096311,                   0,           0.0034152,           0.0034152,           0.0034152
                 198,             0.11287,             0.11743,                   0,             0.67582,             0.26903,              0.4639,             0.28405,             0.15085,            0.097199,                   0,           0.0033735,           0.0033735,           0.0033735
                 199,             0.11278,             0.11445,                   0,             0.67006,             0.28436,             0.46726,             0.28775,             0.15069,            0.098318,                   0,           0.0033321,           0.0033321,           0.0033321
                 200,             0.11038,             0.11394,                   0,             0.67233,             0.27314,             0.46188,             0.28428,             0.15049,            0.098067,                   0,           0.0032909,           0.0032909,           0.0032909
                 201,             0.11189,             0.11205,                   0,             0.68554,             0.26521,             0.46541,             0.28711,             0.15051,            0.096349,                   0,             0.00325,             0.00325,             0.00325
                 202,             0.11265,             0.11387,                   0,             0.68948,             0.26739,             0.46977,             0.28932,             0.15055,            0.096673,                   0,           0.0032093,           0.0032093,           0.0032093
                 203,             0.11295,             0.12056,                   0,             0.67622,             0.27536,             0.46526,             0.28461,             0.15074,            0.097421,                   0,           0.0031689,           0.0031689,           0.0031689
                 204,             0.11112,             0.11555,                   0,             0.66838,             0.28247,             0.46422,             0.28414,             0.15064,            0.099599,                   0,           0.0031287,           0.0031287,           0.0031287
                 205,             0.11228,             0.10834,                   0,             0.67116,             0.27631,             0.46248,             0.28184,             0.15066,            0.098252,                   0,           0.0030888,           0.0030888,           0.0030888
                 206,             0.11134,             0.11586,                   0,             0.68207,             0.27598,             0.46821,             0.28792,             0.15057,            0.097153,                   0,           0.0030491,           0.0030491,           0.0030491
                 207,             0.11141,             0.11427,                   0,             0.67823,              0.2747,             0.46503,             0.28404,             0.15039,             0.09686,                   0,           0.0030097,           0.0030097,           0.0030097
                 208,              0.1109,             0.11453,                   0,             0.67279,             0.27228,             0.46212,             0.28456,             0.15042,            0.098127,                   0,           0.0029706,           0.0029706,           0.0029706
                 209,             0.11282,             0.11945,                   0,              0.6752,             0.27425,             0.46398,             0.28382,             0.15055,            0.097842,                   0,           0.0029318,           0.0029318,           0.0029318
                 210,             0.11301,             0.11862,                   0,              0.6792,             0.28046,             0.46942,             0.28723,             0.15069,            0.097337,                   0,           0.0028932,           0.0028932,           0.0028932
                 211,             0.11283,             0.11809,                   0,             0.66753,             0.28428,             0.46606,              0.2861,             0.15071,            0.098947,                   0,            0.002855,            0.002855,            0.002855
                 212,             0.11162,             0.11181,                   0,             0.67409,             0.26973,             0.46313,             0.28597,             0.15033,            0.096705,                   0,            0.002817,            0.002817,            0.002817
                 213,             0.11059,             0.11052,                   0,             0.67511,             0.27935,             0.46699,             0.28558,             0.15044,            0.098279,                   0,           0.0027793,           0.0027793,           0.0027793
                 214,             0.11019,             0.11281,                   0,             0.66871,             0.27725,             0.46214,             0.28356,              0.1504,            0.098164,                   0,           0.0027419,           0.0027419,           0.0027419
                 215,              0.1116,             0.11712,                   0,             0.67229,             0.28337,             0.46506,             0.28351,             0.15054,            0.099446,                   0,           0.0027048,           0.0027048,           0.0027048
                 216,              0.1122,             0.11524,                   0,             0.66953,             0.28218,             0.46374,             0.28551,             0.15047,            0.098614,                   0,           0.0026681,           0.0026681,           0.0026681
                 217,             0.10997,             0.10521,                   0,             0.68137,             0.26332,             0.46189,             0.28535,             0.15042,            0.096618,                   0,           0.0026316,           0.0026316,           0.0026316
                 218,              0.1103,             0.10721,                   0,             0.66417,                0.28,             0.46228,             0.28298,             0.15069,            0.098358,                   0,           0.0025954,           0.0025954,           0.0025954
                 219,             0.10927,             0.10866,                   0,             0.68516,             0.27002,             0.46761,             0.28769,             0.15045,             0.09772,                   0,           0.0025596,           0.0025596,           0.0025596
                 220,             0.11032,             0.10427,                   0,             0.66784,              0.2798,             0.46281,             0.28173,             0.15063,            0.099629,                   0,           0.0025241,           0.0025241,           0.0025241
                 221,              0.1131,             0.11319,                   0,             0.67271,             0.27758,             0.46312,             0.28371,             0.15053,            0.098544,                   0,           0.0024889,           0.0024889,           0.0024889
                 222,             0.11119,              0.1163,                   0,             0.67068,             0.28173,             0.46577,             0.28609,             0.15043,            0.098847,                   0,           0.0024541,           0.0024541,           0.0024541
                 223,             0.11132,             0.11163,                   0,             0.67026,             0.28136,             0.46433,             0.28352,             0.15053,            0.098876,                   0,           0.0024195,           0.0024195,           0.0024195
                 224,             0.11152,             0.12049,                   0,             0.68282,             0.27499,             0.46882,             0.28653,             0.15038,            0.098334,                   0,           0.0023854,           0.0023854,           0.0023854
                 225,             0.11125,              0.1185,                   0,             0.67664,             0.28534,              0.4703,             0.28863,             0.15047,            0.099064,                   0,           0.0023515,           0.0023515,           0.0023515
                 226,             0.11169,             0.11846,                   0,             0.67559,             0.27594,             0.46574,             0.28619,             0.15052,            0.098375,                   0,            0.002318,            0.002318,            0.002318
                 227,             0.11059,             0.11337,                   0,             0.67482,             0.28341,             0.46941,             0.28838,             0.15062,            0.098598,                   0,           0.0022849,           0.0022849,           0.0022849
                 228,             0.11157,             0.10722,                   0,             0.67578,             0.28132,             0.46691,             0.28649,             0.15043,            0.097826,                   0,           0.0022521,           0.0022521,           0.0022521
                 229,             0.11145,             0.11269,                   0,             0.66541,             0.28296,             0.46188,             0.28384,             0.15055,            0.099864,                   0,           0.0022196,           0.0022196,           0.0022196
                 230,             0.11066,             0.10926,                   0,             0.67625,             0.27651,             0.46436,             0.28261,             0.15053,            0.098899,                   0,           0.0021876,           0.0021876,           0.0021876
                 231,             0.11031,             0.11565,                   0,             0.67009,             0.27622,             0.46266,             0.28251,              0.1505,            0.098666,                   0,           0.0021558,           0.0021558,           0.0021558
                 232,             0.11151,             0.11823,                   0,              0.6648,             0.28765,             0.46564,              0.2839,             0.15056,             0.10061,                   0,           0.0021245,           0.0021245,           0.0021245
                 233,             0.11182,             0.10965,                   0,             0.67402,             0.27865,             0.46652,             0.28543,             0.15054,            0.098693,                   0,           0.0020935,           0.0020935,           0.0020935
                 234,             0.11203,             0.11302,                   0,             0.66278,             0.28054,             0.45944,             0.28047,             0.15044,            0.098754,                   0,           0.0020629,           0.0020629,           0.0020629
                 235,             0.11043,             0.10658,                   0,             0.66799,             0.27031,             0.45911,             0.28275,             0.15037,            0.098502,                   0,           0.0020327,           0.0020327,           0.0020327
                 236,             0.11116,             0.11499,                   0,             0.66559,             0.27828,             0.46012,             0.28311,             0.15025,            0.099332,                   0,           0.0020028,           0.0020028,           0.0020028
                 237,             0.10996,             0.11196,                   0,             0.66309,             0.27655,             0.45856,             0.28231,              0.1505,            0.099988,                   0,           0.0019734,           0.0019734,           0.0019734
                 238,             0.10977,              0.1186,                   0,             0.65894,             0.28251,             0.46067,             0.28254,             0.15045,            0.099943,                   0,           0.0019443,           0.0019443,           0.0019443
                 239,             0.10969,             0.10704,                   0,             0.66667,             0.27783,             0.46255,             0.28262,             0.15056,             0.10015,                   0,           0.0019156,           0.0019156,           0.0019156
                 240,             0.10976,             0.11487,                   0,             0.66336,             0.28046,             0.46098,             0.28295,             0.15056,            0.099831,                   0,           0.0018873,           0.0018873,           0.0018873
                 241,             0.10819,              0.1095,                   0,             0.67461,              0.2828,             0.46775,             0.28758,             0.15055,            0.099862,                   0,           0.0018594,           0.0018594,           0.0018594
                 242,             0.10947,             0.11354,                   0,             0.67913,             0.27306,             0.46647,              0.2867,             0.15035,            0.098958,                   0,           0.0018319,           0.0018319,           0.0018319
                 243,             0.10986,             0.10444,                   0,             0.68269,             0.26838,             0.46623,             0.28708,             0.15055,              0.0982,                   0,           0.0018048,           0.0018048,           0.0018048
                 244,             0.10939,             0.10174,                   0,             0.67773,             0.27433,             0.46538,             0.28318,             0.15062,            0.098754,                   0,           0.0017781,           0.0017781,           0.0017781
                 245,             0.11065,             0.11144,                   0,             0.67323,             0.28111,             0.46575,             0.28389,             0.15048,             0.10034,                   0,           0.0017519,           0.0017519,           0.0017519
                 246,             0.10946,             0.10662,                   0,             0.67612,             0.27335,             0.46312,              0.2834,             0.15048,            0.098458,                   0,            0.001726,            0.001726,            0.001726
                 247,             0.10901,             0.10995,                   0,             0.66581,             0.28781,             0.46566,             0.28468,             0.15053,             0.10053,                   0,           0.0017005,           0.0017005,           0.0017005
                 248,             0.10952,             0.10756,                   0,             0.66667,             0.28243,             0.46318,             0.28344,             0.15055,            0.098937,                   0,           0.0016755,           0.0016755,           0.0016755
                 249,             0.10901,              0.1095,                   0,             0.66961,             0.28711,             0.46612,             0.28562,             0.15057,             0.10026,                   0,           0.0016509,           0.0016509,           0.0016509
                 250,             0.11056,             0.11237,                   0,             0.67544,             0.27832,              0.4668,             0.28784,             0.15046,            0.099598,                   0,           0.0016267,           0.0016267,           0.0016267
                 251,             0.11046,             0.10837,                   0,             0.66974,             0.28046,             0.46384,              0.2849,             0.15064,             0.09972,                   0,           0.0016029,           0.0016029,           0.0016029
                 252,             0.11181,             0.11162,                   0,             0.68282,             0.27269,             0.46663,             0.28725,             0.15048,            0.098164,                   0,           0.0015795,           0.0015795,           0.0015795
